Tema,Palabras Clave
Convenios y cooperación interinstitucional,presente,partes,nacional,marco,interinstitucional,cooperacion,universitaria,vigencia,cumplimiento,acuerdo
Universidad y educación superior,universidad,nacional,facultad,estudiantes,desarrollo,actividades,estudios,programa,investigacion,docentes
Desarrollo y actividades académicas,desarrollo,actividades,docente,estudiantes,investigacion,programa,docencia,capacitacion,humana,gerencia
Salud y asistencia médica,salud,hospital,facultad,asistencial,estudiantes,docente,servicios,investigacion,medicina,profesionales
Investigación científica y proyectos de investigación,investigacion,proyecto,desarrollo,investigacion,estudios,servicios,capacitacion,ciencias,profesional,docencia
Estudiantes universitarios y actividades estudiantiles,estudiantes,actividades,universitario,universitaria,estudiantiles,docente,alumnos,investigacion,cumplimiento,docentes
Aspectos legales y cláusulas contractuales,legal,clausula,acuerdo,norma,decreto,resolucion,contrato,propiedad,obligaciones,derechos
Desarrollo regional y altiplano,desarrollo,regional,altiplano,actividades,estudiantes,investigacion,proyectos,servicios,desarrollo,altura
Servicios y actividades específicas,servicios,actividades,asistencial,especifico,docencia,capacitacion,investigacion,salud,profesionales,atencion
Tecnología y transformación digital,tecnologia,digital,plataforma,software,servicio,registro,documento,identificacion,sistema,innovacion
